team_id,name,abbr,nickname,logo_file_name,city_id,park_id,league_id,sub_league_id,division_id,nation_id,parent_team_id,level,prevent_any_moves,human_team,human_id,gender,background_color_id,text_color_id,ballcaps_main_color_id,ballcaps_visor_color_id,jersey_main_color_id,jersey_away_color_id,jersey_secondary_color_id,jersey_pin_stripes_color_id,allstar_team,historical_id
1,"Baltimore","BAL","Orioles","baltimore_orioles.png",6650,1,100,0,0,206,0,1,1,1,1,0,"#DF4601","#000000","#DF4601","#000000","#FFFFFF","#AAAAAA","#000000","#000000",0,"BAL"
2,"Boston","BOS","Red Sox","boston_red_sox.png",10948,2,100,0,0,206,0,1,1,1,1,0,"#BD3039","#0D2B56","#BD3039","#0D2B56","#FFFFFF","#AAAAAA","#0D2B56","#0D2B56",0,"BOS"
3,"Chicago","CWS","White Sox","chicago_white_sox.png",13181,3,100,0,1,206,0,1,1,1,1,0,"#000000","#C4CED4","#000000","#C4CED4","#FFFFFF","#AAAAAA","#C4CED4","#C4CED4",0,"CHA"
4,"Cleveland","CLE","Guardians","cleveland_guardians.png",14082,4,100,0,1,206,0,1,1,1,1,0,"#E31937","#002B5C","#E31937","#002B5C","#FFFFFF","#AAAAAA","#002B5C","#002B5C",0,"CLE"
5,"Detroit","DET","Tigers","detroit_tigers.png",20315,5,100,0,1,206,0,1,1,1,1,0,"#0C2C56","#FF6600","#0C2C56","#FF6600","#FFFFFF","#AAAAAA","#FF6600","#FF6600",0,"DET"
6,"Kansas City","KCR","Royals","kansas_city_royals.png",36925,6,100,0,1,206,0,1,1,1,1,0,"#004687","#C09A5B","#004687","#C09A5B","#FFFFFF","#AAAAAA","#C09A5B","#C09A5B",0,"KCA"
7,"Los Angeles","LAA","Angels","los_angeles_angels.png",41955,7,100,0,2,206,0,1,1,1,1,0,"#BA0021","#003263","#BA0021","#003263","#FFFFFF","#AAAAAA","#003263","#003263",0,"LAA"
8,"Minnesota","MIN","Twins","minnesota_twins.png",50536,8,100,0,1,206,0,1,1,1,1,0,"#002D59","#D0043C","#002D59","#D0043C","#FFFFFF","#AAAAAA","#D0043C","#D0043C",0,"MIN"
9,"New York","NYY","Yankees","new_york_yankees.png",55211,9,100,0,0,206,0,1,1,1,1,0,"#132448","#FFFFFF","#132448","#FFFFFF","#FFFFFF","#AAAAAA","#FFFFFF","#FFFFFF",0,"NYA"
10,"Oakland","OAK","Athletics","oakland_athletics.png",56459,10,100,0,2,206,0,1,1,1,1,0,"#003831","#EFB21E","#003831","#EFB21E","#FFFFFF","#AAAAAA","#EFB21E","#EFB21E",0,"OAK"
11,"Seattle","SEA","Mariners","seattle_mariners.png",72460,11,100,0,2,206,0,1,1,1,1,0,"#0C2C56","#005C5C","#0C2C56","#005C5C","#FFFFFF","#AAAAAA","#005C5C","#005C5C",0,"SEA"
12,"Tampa Bay","TBR","Rays","tampa_bay_rays.png",0,12,100,0,0,206,0,1,1,1,1,0,"#092C5C","#8FBCE6","#092C5C","#8FBCE6","#FFFFFF","#AAAAAA","#8FBCE6","#8FBCE6",0,"TBA"
13,"Texas","TEX","Rangers","texas_rangers.png",4076,13,100,0,2,206,0,1,1,1,1,0,"#003278","#C0111F","#003278","#C0111F","#FFFFFF","#AAAAAA","#C0111F","#C0111F",0,"TEX"
14,"Toronto","TOR","Blue Jays","toronto_blue_jays.png",80680,14,100,0,0,36,0,1,1,1,1,0,"#134A8E","#E8291C","#134A8E","#E8291C","#FFFFFF","#AAAAAA","#E8291C","#E8291C",0,"TOR"
15,"Arizona","ARI","Diamondbacks","arizona_diamondbacks.png",94723,15,100,1,2,206,0,1,1,1,1,0,"#A71930","#000000","#A71930","#000000","#FFFFFF","#AAAAAA","#000000","#000000",0,"ARI"
16,"Atlanta","ATL","Braves","atlanta_braves.png",4704,16,100,1,0,206,0,1,1,1,1,0,"#13274F","#CE1141","#13274F","#CE1141","#FFFFFF","#AAAAAA","#CE1141","#CE1141",0,"ATL"
17,"Chicago","CHC","Cubs","chicago_cubs.png",13181,17,100,1,1,206,0,1,1,1,1,0,"#0E3386","#CC3433","#0E3386","#CC3433","#FFFFFF","#AAAAAA","#CC3433","#CC3433",0,"CHN"
18,"Cincinnati","CIN","Reds","cincinnati_reds.png",13776,18,100,1,1,206,0,1,1,1,1,0,"#D50032","#FFFFFF","#D50032","#FFFFFF","#FFFFFF","#AAAAAA","#FFFFFF","#FFFFFF",0,"CIN"
19,"Colorado","COL","Rockies","colorado_rockies.png",20170,19,100,1,2,206,0,1,1,1,1,0,"#33006F","#C4CED4","#33006F","#C4CED4","#FFFFFF","#AAAAAA","#C4CED4","#C4CED4",0,"COL"
20,"Houston","HOU","Astros","houston_astros.png",32688,20,100,1,1,206,0,1,1,1,1,0,"#2D2926","#D3BC8D","#2D2926","#D3BC8D","#FFFFFF","#AAAAAA","#D3BC8D","#D3BC8D",0,"HOU"
21,"Los Angeles","LAD","Dodgers","los_angeles_dodgers.png",41955,21,100,1,2,206,0,1,1,1,1,0,"#005A9C","#FFFFFF","#005A9C","#FFFFFF","#FFFFFF","#AAAAAA","#FFFFFF","#FFFFFF",0,"LAN"
22,"Miami","MIA","Marlins","miami_marlins.png",50031,22,100,1,0,206,0,1,1,1,1,0,"#FF6600","#0077C8","#FF6600","#0077C8","#FFFFFF","#AAAAAA","#0077C8","#0077C8",0,"MIA"
23,"Milwaukee","MIL","Brewers","milwaukee_brewers.png",50428,23,100,1,1,206,0,1,1,1,1,0,"#0A2351","#B6922E","#0A2351","#B6922E","#FFFFFF","#AAAAAA","#B6922E","#B6922E",0,"MIL"
24,"New York","NYM","Mets","new_york_mets.png",55211,24,100,1,0,206,0,1,1,1,1,0,"#002D72","#FF5910","#002D72","#FF5910","#FFFFFF","#AAAAAA","#FF5910","#FF5910",0,"NYN"
25,"Philadelphia","PHI","Phillies","philadelphia_phillies.png",58713,25,100,1,0,206,0,1,1,1,1,0,"#E81828","#284898","#E81828","#284898","#FFFFFF","#AAAAAA","#284898","#284898",0,"PHI"
26,"Pittsburgh","PIT","Pirates","pittsburgh_pirates.png",59354,26,100,1,1,206,0,1,1,1,1,0,"#FDB827","#000000","#FDB827","#000000","#FFFFFF","#AAAAAA","#000000","#000000",0,"PIT"
27,"San Diego","SDP","Padres","san_diego_padres.png",69896,27,100,1,2,206,0,1,1,1,1,0,"#05143F","#FDB726","#05143F","#FDB726","#FFFFFF","#AAAAAA","#FDB726","#FDB726",0,"SDN"
28,"San Francisco","SFG","Giants","san_francisco_giants.png",69999,28,100,1,2,206,0,1,1,1,1,0,"#FD5A1E","#000000","#FD5A1E","#000000","#FFFFFF","#AAAAAA","#000000","#000000",0,"SFN"
29,"St. Louis","STL","Cardinals","st_louis_cardinals.png",69095,29,100,1,1,206,0,1,1,1,1,0,"#BE0A14","#001541","#BE0A14","#001541","#FFFFFF","#AAAAAA","#001541","#001541",0,"SLN"
30,"Washington","WSN","Nationals","washington_nationals.png",87845,30,100,1,0,206,0,1,1,1,1,0,"#AB0003","#11225B","#AB0003","#11225B","#FFFFFF","#AAAAAA","#11225B","#11225B",0,"WAS"
31,"Albuquerque","lad","Isotopes","albuquerque_isotopes.png",1405,31,101,0,0,206,21,2,0,0,0,0,"#BA0C2F","#FEDB00","#BA0C2F","#FEDB00","#FFFFFF","#AAAAAA","#FEDB00","#FEDB00",0,""
32,"Colorado Springs","col","Sky Sox","colorado_springs_sky_sox.png",14578,32,101,1,0,206,19,2,0,0,0,0,"#041C2C","#BA0C2F","#041C2C","#BA0C2F","#FFFFFF","#AAAAAA","#BA0C2F","#BA0C2F",0,""
33,"Fresno","sfg","Grizzlies","fresno_grizzlies.png",24787,33,101,1,1,206,28,2,0,0,0,0,"#1D1D1D","#D0043C","#1D1D1D","#D0043C","#FFFFFF","#AAAAAA","#D0043C","#D0043C",0,""
34,"Iowa","chc","Cubs","iowa_cubs.png",33853,34,101,0,1,206,17,2,0,0,0,0,"#002F6C","#C8102E","#002F6C","#C8102E","#FFFFFF","#AAAAAA","#C8102E","#C8102E",0,""
35,"Las Vegas","tor","51s","las_vegas_51s.png",43942,35,101,1,1,206,14,2,0,0,0,0,"#7C878E","#003A70","#7C878E","#003A70","#FFFFFF","#AAAAAA","#003A70","#003A70",0,""
36,"Memphis","stl","Redbirds","memphis_redbirds.png",49583,36,101,0,1,206,29,2,0,0,0,0,"#D0043C","#002D59","#D0043C","#002D59","#FFFFFF","#AAAAAA","#002D59","#002D59",0,""
37,"Nashville","mil","Sounds","nashville_sounds.png",54298,37,101,0,1,206,23,2,0,0,0,0,"#DD052B","#19235F","#DD052B","#19235F","#FFFFFF","#AAAAAA","#19235F","#19235F",0,""
38,"New Orleans","mia","Zephyrs","new_orleans_zephyrs.png",55156,38,101,0,0,206,22,2,0,0,0,0,"#041E42","#8A8D8F","#041E42","#8A8D8F","#FFFFFF","#AAAAAA","#8A8D8F","#8A8D8F",0,""
39,"Oklahoma City","hou","RedHawks","oklahoma_city_redhawks.png",57035,39,101,0,0,206,20,2,0,0,0,0,"#A60003","#1A347E","#A60003","#1A347E","#FFFFFF","#AAAAAA","#1A347E","#A60003",0,""
40,"Omaha","kcr","Storm Chasers","omaha_storm_chasers.png",57291,40,101,0,1,206,6,2,0,0,0,0,"#85714D","#002D72","#85714D","#002D72","#FFFFFF","#AAAAAA","#002D72","#002D72",0,""
41,"Reno","ari","Aces","reno_aces.png",66889,41,101,1,0,206,15,2,0,0,0,0,"#0C2340","#FFFFFF","#0C2340","#FFFFFF","#FFFFFF","#AAAAAA","#FFFFFF","#FFFFFF",0,""
42,"Round Rock","tex","Express","round_rock_express.png",65670,42,101,0,0,206,13,2,0,0,0,0,"#002E5F","#B20933","#002E5F","#B20933","#FFFFFF","#AAAAAA","#B20933","#B20933",0,""
43,"Sacramento","oak","River Cats","sacramento_river_cats.png",67700,43,101,1,1,206,10,2,0,0,0,0,"#990A2C","#0053A1","#990A2C","#0053A1","#FFFFFF","#AAAAAA","#0053A1","#0053A1",0,""
44,"Salt Lake","laa","Bees","salt_lake_bees.png",0,44,101,1,0,206,7,2,0,0,0,0,"#F2A900","#2D2926","#F2A900","#2D2926","#FFFFFF","#AAAAAA","#2D2926","#2D2926",0,""
45,"Tacoma","sea","Rainiers","tacoma_rainiers.png",77882,45,101,1,0,206,11,2,0,0,0,0,"#0C2340","#FFFFFF","#0C2340","#FFFFFF","#FFFFFF","#AAAAAA","#FFFFFF","#FFFFFF",0,""
46,"Tucson","sdp","Padres","tucson_padres.png",81480,46,101,1,1,206,27,2,0,0,0,0,"#9EA2A2","#041E42","#9EA2A2","#041E42","#FFFFFF","#AAAAAA","#041E42","#041E42",0,""
47,"Buffalo","nym","Bisons","buffalo_bisons.png",12314,47,102,0,0,206,24,2,0,0,0,0,"#001489","#BA0C2F","#001489","#BA0C2F","#FFFFFF","#AAAAAA","#BA0C2F","#BA0C2F",0,""
48,"Charlotte","cws","Knights","charlotte_knights.png",18952,48,102,0,1,206,3,2,0,0,0,0,"#2D2926","#8A8D8F","#2D2926","#8A8D8F","#FFFFFF","#AAAAAA","#8A8D8F","#8A8D8F",0,""
49,"Columbus","cle","Clippers","columbus_clippers.png",14625,49,102,0,2,206,4,2,0,0,0,0,"#DA291C","#C1C6C8","#DA291C","#C1C6C8","#FFFFFF","#AAAAAA","#C1C6C8","#C1C6C8",0,""
50,"Durham","tbr","Bulls","durham_bulls.png",19502,50,102,0,1,206,12,2,0,0,0,0,"#A1561C","#001489","#A1561C","#001489","#FFFFFF","#AAAAAA","#001489","#001489",0,""
51,"Gwinnett","atl","Braves","gwinnett_braves.png",0,51,102,0,1,206,16,2,0,0,0,0,"#BA0C2F","#FFFFFF","#BA0C2F","#FFFFFF","#FFFFFF","#AAAAAA","#FFFFFF","#FFFFFF",0,""
52,"Indianapolis","pit","Indians","indianapolis_indians.png",34491,52,102,0,2,206,26,2,0,0,0,0,"#C8102E","#B2B4B2","#C8102E","#B2B4B2","#FFFFFF","#AAAAAA","#B2B4B2","#B2B4B2",0,""
53,"Lehigh Valley","phi","IronPigs","lehigh_valley_ironpigs.png",0,53,102,0,0,206,25,2,0,0,0,0,"#A7A8AA","#041E42","#A7A8AA","#041E42","#FFFFFF","#AAAAAA","#041E42","#041E42",0,""
54,"Louisville","cin","Bats","louisville_bats.png",42078,54,102,0,2,206,18,2,0,0,0,0,"#E2061F","#18223F","#E2061F","#18223F","#FFFFFF","#AAAAAA","#18223F","#18223F",0,""
55,"Norfolk","bal","Tides","norfolk_tides.png",56019,55,102,0,1,206,1,2,0,0,0,0,"#009353","#EE7029","#009353","#EE7029","#FFFFFF","#AAAAAA","#EE7029","#EE7029",0,""
56,"Pawtucket","bos","Red Sox","pawtucket_red_sox.png",63278,56,102,0,0,206,2,2,0,0,0,0,"#C8102E","#0C2340","#C8102E","#0C2340","#FFFFFF","#AAAAAA","#0C2340","#0C2340",0,""
57,"Rochester","min","Red Wings","rochester_red_wings.png",66478,57,102,0,0,206,8,2,0,0,0,0,"#DA291C","#FFCD00","#DA291C","#FFCD00","#FFFFFF","#AAAAAA","#FFCD00","#FFCD00",0,""
58,"Scranton/Wilkes-Barre","nyy","Yankees","scranton_wilkes-barre_yankees.png",0,58,102,0,0,206,9,2,0,0,0,0,"#132448","#FFFFFF","#132448","#FFFFFF","#FFFFFF","#AAAAAA","#FFFFFF","#132448",0,""
59,"Syracuse","wsn","Chiefs","syracuse_chiefs.png",77297,59,102,0,0,206,30,2,0,0,0,0,"#002B59","#CF013B","#002B59","#CF013B","#FFFFFF","#AAAAAA","#CF013B","#CF013B",0,""
60,"Toledo","det","Mud Hens","toledo_mud_hens.png",80442,60,102,0,2,206,5,2,0,0,0,0,"#F2A900","#D50032","#F2A900","#D50032","#FFFFFF","#AAAAAA","#D50032","#D50032",0,""
61,"Arkansas","laa","Travelers","arkansas_travelers.png",0,61,103,0,0,206,7,3,0,0,0,0,"#BA0C2F","#C1C6C8","#BA0C2F","#C1C6C8","#FFFFFF","#AAAAAA","#C1C6C8","#C1C6C8",0,""
62,"Corpus Christi","hou","Hooks","corpus_christi_hooks.png",15185,62,103,0,1,206,20,3,0,0,0,0,"#0C2340","#418FDE","#0C2340","#418FDE","#FFFFFF","#AAAAAA","#418FDE","#418FDE",0,""
63,"Frisco","tex","RoughRiders","frisco_roughriders.png",24713,63,103,0,1,206,13,3,0,0,0,0,"#E51937","#231F20","#E51937","#231F20","#FFFFFF","#AAAAAA","#231F20","#231F20",0,""
64,"Midland","oak","RockHounds","midland_rockhounds.png",50143,64,103,0,1,206,10,3,0,0,0,0,"#E57200","#004C97","#E57200","#004C97","#FFFFFF","#AAAAAA","#004C97","#004C97",0,""
65,"Northwest Arkansas","kcr","Naturals","northwest_arkansas_naturals.png",0,65,103,0,0,206,6,3,0,0,0,0,"#8A1538","#C69214","#8A1538","#C69214","#FFFFFF","#AAAAAA","#C69214","#C69214",0,""
66,"San Antonio","sdp","Missions","san_antonio_missions.png",69776,66,103,0,1,206,27,3,0,0,0,0,"#002E5F","#D5B079","#002E5F","#D5B079","#FFFFFF","#AAAAAA","#D5B079","#D5B079",0,""
67,"Springfield","stl","Cardinals","springfield_cardinals.png",75712,67,103,0,0,206,29,3,0,0,0,0,"#BA0C2F","#FEDB00","#BA0C2F","#FEDB00","#FFFFFF","#AAAAAA","#FEDB00","#FEDB00",0,""
68,"Tulsa","col","Drillers","tulsa_drillers.png",81568,68,103,0,0,206,19,3,0,0,0,0,"#707372","#24135F","#707372","#24135F","#FFFFFF","#AAAAAA","#24135F","#24135F",0,""
69,"Birmingham","cws","Barons","birmingham_barons.png",9691,69,104,0,0,206,3,3,0,0,0,0,"#BF0D3E","#FFFFFF","#BF0D3E","#FFFFFF","#FFFFFF","#AAAAAA","#FFFFFF","#FFFFFF",0,""
70,"Chattanooga","lad","Lookouts","chattanooga_lookouts.png",19029,70,104,0,0,206,21,3,0,0,0,0,"#E72F35","#DFE0E0","#E72F35","#DFE0E0","#FFFFFF","#AAAAAA","#DFE0E0","#DFE0E0",0,""
71,"Huntsville","mil","Stars","huntsville_stars.png",33063,71,104,0,0,206,23,3,0,0,0,0,"#BA0C2F","#8A8D8F","#BA0C2F","#8A8D8F","#FFFFFF","#AAAAAA","#8A8D8F","#8A8D8F",0,""
72,"Jackson","sea","Generals","jackson_generals.png",34758,72,104,0,0,206,11,3,0,0,0,0,"#2D2926","#FFFFFF","#2D2926","#FFFFFF","#FFFFFF","#AAAAAA","#FFFFFF","#FFFFFF",0,""
73,"Jacksonville","mia","Suns","jacksonville_suns.png",34776,73,104,0,1,206,22,3,0,0,0,0,"#FFC72C","#2D2926","#FFC72C","#2D2926","#FFFFFF","#AAAAAA","#2D2926","#2D2926",0,""
74,"Mississippi","atl","Braves","pearl_braves.png",0,74,104,0,1,206,16,3,0,0,0,0,"#13274F","#CE1141","#13274F","#CE1141","#FFFFFF","#AAAAAA","#CE1141","#13274F",0,""
75,"Mobile","ari","BayBears","mobile_baybears.png",50908,75,104,0,1,206,15,3,0,0,0,0,"#DFD1A7","#0C2340","#DFD1A7","#0C2340","#FFFFFF","#AAAAAA","#0C2340","#0C2340",0,""
76,"Montgomery","tbr","Biscuits","montgomery_biscuits.png",51547,76,104,0,1,206,12,3,0,0,0,0,"#EAAA00","#13294B","#EAAA00","#13294B","#FFFFFF","#AAAAAA","#13294B","#13294B",0,""
77,"Pensacola","cin","Blue Wahoos","pensacola_blue_wahoos.png",63622,77,104,0,1,206,18,3,0,0,0,0,"#041E42","#CE0058","#041E42","#CE0058","#FFFFFF","#AAAAAA","#CE0058","#CE0058",0,""
78,"Tennessee","chc","Smokies","tennessee_smokies.png",0,78,104,0,0,206,17,3,0,0,0,0,"#7DA1C4","#C6AA76","#7DA1C4","#C6AA76","#FFFFFF","#AAAAAA","#C6AA76","#C6AA76",0,""
79,"Akron","cle","Aeros","akron_aeros.png",849,79,105,0,1,206,4,3,0,0,0,0,"#2E3192","#A7A9AC","#2E3192","#A7A9AC","#FFFFFF","#AAAAAA","#A7A9AC","#2E3192",0,""
80,"Altoona","pit","Curve","altoona_curve.png",2406,80,105,0,1,206,26,3,0,0,0,0,"#A4343A","#9E652E","#A4343A","#9E652E","#FFFFFF","#AAAAAA","#9E652E","#9E652E",0,""
81,"Binghamton","nym","Mets","binghamton_mets.png",9591,81,105,0,0,206,24,3,0,0,0,0,"#003087","#F9423A","#003087","#F9423A","#FFFFFF","#AAAAAA","#F9423A","#F9423A",0,""
82,"Bowie","bal","Baysox","bowie_baysox.png",11164,82,105,0,1,206,1,3,0,0,0,0,"#FC4C02","#2D2926","#FC4C02","#2D2926","#FFFFFF","#AAAAAA","#2D2926","#2D2926",0,""
83,"Erie","det","SeaWolves","erie_seawolves.png",23889,83,105,0,1,206,5,3,0,0,0,0,"#BA0C2F","#2D2926","#BA0C2F","#2D2926","#FFFFFF","#AAAAAA","#2D2926","#2D2926",0,""
84,"Harrisburg","wsn","Senators","harrisburg_senators.png",30756,84,105,0,1,206,30,3,0,0,0,0,"#B3A369","#BA0C2F","#B3A369","#BA0C2F","#FFFFFF","#AAAAAA","#BA0C2F","#BA0C2F",0,""
85,"New Britain","min","Rock Cats","new_britain_rock_cats.png",55064,85,105,0,0,206,8,3,0,0,0,0,"#E4002B","#8A8D8F","#E4002B","#8A8D8F","#FFFFFF","#AAAAAA","#8A8D8F","#8A8D8F",0,""
86,"New Hampshire","tor","Fisher Cats","new_hampshire_fisher_cats.png",0,86,105,0,0,206,14,3,0,0,0,0,"#0C2340","#C8102E","#0C2340","#C8102E","#FFFFFF","#AAAAAA","#C8102E","#C8102E",0,""
87,"Portland","bos","Sea Dogs","portland_sea_dogs.png",60505,87,105,0,0,206,2,3,0,0,0,0,"#C8102E","#F1B434","#C8102E","#F1B434","#FFFFFF","#AAAAAA","#F1B434","#F1B434",0,""
88,"Reading","phi","Phillies","reading_phillies.png",65266,88,105,0,0,206,25,3,0,0,0,0,"#E81828","#284898","#E81828","#284898","#FFFFFF","#AAAAAA","#284898","#E81828",0,""
89,"Richmond","sfg","Flying Squirrels","richmond_flying_squirrels.png",64151,89,105,0,1,206,28,3,0,0,0,0,"#BA0C2F","#A7A8AA","#BA0C2F","#A7A8AA","#FFFFFF","#AAAAAA","#A7A8AA","#A7A8AA",0,""
90,"Trenton","nyy","Thunder","trenton_thunder.png",81062,90,105,0,0,206,9,3,0,0,0,0,"#FFB81C","#003DA5","#FFB81C","#003DA5","#FFFFFF","#AAAAAA","#003DA5","#003DA5",0,""
91,"Beloit","min","Snappers","beloit_snappers.png",8435,91,106,0,1,206,8,4,0,0,0,0,"#005933","#4D4D4F","#005933","#4D4D4F","#FFFFFF","#AAAAAA","#4D4D4F","#4D4D4F",0,""
92,"Bowling Green","tbr","Hot Rods","bowling_green_hot_rods.png",11168,92,106,0,0,206,12,4,0,0,0,0,"#17253E","#EB610D","#17253E","#EB610D","#FFFFFF","#AAAAAA","#EB610D","#EB610D",0,""
93,"Burlington","oak","Bees","burlington_bees.png",12722,93,106,0,1,206,10,4,0,0,0,0,"#FFB81C","#0C2340","#FFB81C","#0C2340","#FFFFFF","#AAAAAA","#0C2340","#0C2340",0,""
94,"Cedar Rapids","laa","Kernels","cedar_rapids_kernels.png",18112,94,106,0,1,206,7,4,0,0,0,0,"#009A44","#FFC72C","#009A44","#FFC72C","#FFFFFF","#AAAAAA","#FFC72C","#FFC72C",0,""
95,"Clinton","sea","LumberKings","clinton_lumberkings.png",14132,95,106,0,1,206,11,4,0,0,0,0,"#00843D","#FFFFFF","#00843D","#FFFFFF","#FFFFFF","#AAAAAA","#FFFFFF","#FFFFFF",0,""
96,"Dayton","cin","Dragons","dayton_dragons.png",22234,96,106,0,0,206,18,4,0,0,0,0,"#2D2926","#007A33","#2D2926","#007A33","#FFFFFF","#AAAAAA","#007A33","#007A33",0,""
97,"Fort Wayne","sdp","TinCaps","fort_wayne_tincaps.png",25148,97,106,0,0,206,27,4,0,0,0,0,"#B1B3B3","#2C5234","#B1B3B3","#2C5234","#FFFFFF","#AAAAAA","#2C5234","#2C5234",0,""
98,"Great Lakes","lad","Loons","great_lakes_loons.png",0,98,106,0,0,206,21,4,0,0,0,0,"#00684A","#C3C4C5","#00684A","#C3C4C5","#FFFFFF","#AAAAAA","#C3C4C5","#C3C4C5",0,""
99,"Kane County","kcr","Cougars","kane_county_cougars.png",0,99,106,0,1,206,6,4,0,0,0,0,"#17253E","#D1AE74","#17253E","#D1AE74","#FFFFFF","#AAAAAA","#D1AE74","#D1AE74",0,""
100,"Lake County","cle","Captains","lake_county_captains.png",0,100,106,0,0,206,4,4,0,0,0,0,"#041C2C","#B9975B","#041C2C","#B9975B","#FFFFFF","#AAAAAA","#B9975B","#B9975B",0,""
101,"Lansing","tor","Lugnuts","lansing_lugnuts.png",43746,101,106,0,0,206,14,4,0,0,0,0,"#DD052B","#D1D7DA","#DD052B","#D1D7DA","#FFFFFF","#AAAAAA","#D1D7DA","#D1D7DA",0,""
102,"Peoria","chc","Chiefs","peoria_chiefs.png",63646,102,106,0,1,206,17,4,0,0,0,0,"#BA0C2F","#F3D03E","#BA0C2F","#F3D03E","#FFFFFF","#AAAAAA","#F3D03E","#F3D03E",0,""
103,"Quad Cities","stl","River Bandits","quad_cities_river_bandits.png",0,103,106,0,1,206,29,4,0,0,0,0,"#2D2926","#9D2235","#2D2926","#9D2235","#FFFFFF","#AAAAAA","#9D2235","#9D2235",0,""
104,"South Bend","ari","Silver Hawks","south_bend_silver_hawks.png",75295,104,106,0,0,206,15,4,0,0,0,0,"#EF4923","#A1A9AD","#EF4923","#A1A9AD","#FFFFFF","#AAAAAA","#A1A9AD","#EF4923",0,""
105,"West Michigan","det","Whitecaps","west_michigan_whitecaps.png",0,105,106,0,0,206,5,4,0,0,0,0,"#69B3E7","#0C2340","#69B3E7","#0C2340","#FFFFFF","#AAAAAA","#0C2340","#0C2340",0,""
106,"Wisconsin","mil","Timber Rattlers","wisconsin_timber_rattlers.png",0,106,106,0,1,206,23,4,0,0,0,0,"#870337","#D1D7DA","#870337","#D1D7DA","#FFFFFF","#AAAAAA","#D1D7DA","#D1D7DA",0,""
107,"Asheville","col","Tourists","asheville_tourists.png",4411,107,107,0,1,206,19,4,0,0,0,0,"#0C2340","#FFFFFF","#0C2340","#FFFFFF","#FFFFFF","#AAAAAA","#FFFFFF","#FFFFFF",0,""
108,"Augusta","sfg","GreenJackets","augusta_greenjackets.png",4889,108,107,0,1,206,28,4,0,0,0,0,"#00795D","#1D1D1D","#00795D","#1D1D1D","#FFFFFF","#AAAAAA","#1D1D1D","#1D1D1D",0,""
109,"Charleston","nyy","RiverDogs","charleston_riverdogs.png",18926,109,107,0,1,206,9,4,0,0,0,0,"#002647","#FBB900","#002647","#FBB900","#FFFFFF","#AAAAAA","#FBB900","#FBB900",0,""
110,"Delmarva","bal","Shorebirds","delmarva_shorebirds.png",0,110,107,0,0,206,1,4,0,0,0,0,"#8A8D8F","#F9423A","#8A8D8F","#F9423A","#FFFFFF","#AAAAAA","#F9423A","#F9423A",0,""
111,"Greensboro","mia","Grasshoppers","greensboro_grasshoppers.png",29752,111,107,0,0,206,22,4,0,0,0,0,"#154734","#D86018","#154734","#D86018","#FFFFFF","#AAAAAA","#D86018","#D86018",0,""
112,"Greenville","bos","Drive","greenville_drive.png",29776,112,107,0,1,206,2,4,0,0,0,0,"#E4002B","#FFFFFF","#E4002B","#FFFFFF","#FFFFFF","#AAAAAA","#FFFFFF","#FFFFFF",0,""
113,"Hagerstown","wsn","Suns","hagerstown_suns.png",30250,113,107,0,0,206,30,4,0,0,0,0,"#FA4616","#FFFFFF","#FA4616","#FFFFFF","#FFFFFF","#AAAAAA","#FFFFFF","#FFFFFF",0,""
114,"Hickory","tex","Crawdads","hickory_crawdads.png",31732,114,107,0,0,206,13,4,0,0,0,0,"#E2011C","#7DAEDE","#E2011C","#7DAEDE","#FFFFFF","#AAAAAA","#7DAEDE","#7DAEDE",0,""
115,"Kannapolis","cws","Intimidators","kannapolis_intimidators.png",36907,115,107,0,0,206,3,4,0,0,0,0,"#DA291C","#C8C9C7","#DA291C","#C8C9C7","#FFFFFF","#AAAAAA","#C8C9C7","#C8C9C7",0,""
116,"Lakewood","phi","BlueClaws","lakewood_blueclaws.png",43340,116,107,0,0,206,25,4,0,0,0,0,"#69B3E7","#0C2340","#69B3E7","#0C2340","#FFFFFF","#AAAAAA","#0C2340","#0C2340",0,""
117,"Lexington","hou","Legends","lexington_legends.png",45184,117,107,0,1,206,20,4,0,0,0,0,"#009A44","#003087","#009A44","#003087","#FFFFFF","#AAAAAA","#003087","#003087",0,""
118,"Rome","atl","Braves","rome_braves.png",66217,118,107,0,1,206,16,4,0,0,0,0,"#BA0C2F","#97999B","#BA0C2F","#97999B","#FFFFFF","#AAAAAA","#97999B","#97999B",0,""
119,"Savannah","nym","Sand Gnats","savannah_sand_gnats.png",71889,119,107,0,1,206,24,4,0,0,0,0,"#115740","#C6AA76","#115740","#C6AA76","#FFFFFF","#AAAAAA","#C6AA76","#C6AA76",0,""
120,"West Virginia","pit","Power","west_virginia_power.png",0,120,107,0,0,206,26,4,0,0,0,0,"#FFD300","#C09400","#FFD300","#C09400","#FFFFFF","#AAAAAA","#C09400","#C09400",0,""
121,"Bradenton","pit","Marauders","bradenton_marauders.png",11283,121,108,0,1,206,26,4,0,0,0,0,"#FFC72C","#2D2926","#FFC72C","#2D2926","#FFFFFF","#AAAAAA","#2D2926","#2D2926",0,""
122,"Brevard County","mil","Manatees","brevard_county_manatees.png",0,122,108,0,0,206,23,4,0,0,0,0,"#041E42","#968C83","#041E42","#968C83","#FFFFFF","#AAAAAA","#968C83","#968C83",0,""
123,"Charlotte","tbr","Stone Crabs","port_charlotte_stone_crabs.png",18952,123,108,0,1,206,12,4,0,0,0,0,"#4D4D4F","#EF4923","#4D4D4F","#EF4923","#FFFFFF","#AAAAAA","#EF4923","#4D4D4F",0,""
124,"Clearwater","phi","Threshers","clearwater_threshers.png",14038,124,108,0,0,206,25,4,0,0,0,0,"#BA0C2F","#236192","#BA0C2F","#236192","#FFFFFF","#AAAAAA","#236192","#236192",0,""
125,"Daytona","chc","Cubs","daytona_cubs.png",0,125,108,0,0,206,17,4,0,0,0,0,"#0E3386","#CC3433","#0E3386","#CC3433","#FFFFFF","#AAAAAA","#CC3433","#0E3386",0,""
126,"Dunedin","tor","Blue Jays","dunedin_blue_jays.png",19593,126,108,0,0,206,14,4,0,0,0,0,"#003DA5","#FFFFFF","#003DA5","#FFFFFF","#FFFFFF","#AAAAAA","#FFFFFF","#FFFFFF",0,""
127,"Fort Myers","min","Miracle","fort_myers_miracle.png",25182,127,108,0,1,206,8,4,0,0,0,0,"#BA0C2F","#009A44","#BA0C2F","#009A44","#FFFFFF","#AAAAAA","#009A44","#009A44",0,""
128,"Jupiter","mia","Hammerheads","jupiter_hammerheads.png",35822,128,108,0,1,206,22,4,0,0,0,0,"#009CA6","#7C878E","#009CA6","#7C878E","#FFFFFF","#AAAAAA","#7C878E","#7C878E",0,""
129,"Lakeland","det","Flying Tigers","lakeland_flying_tigers.png",43308,129,108,0,0,206,5,4,0,0,0,0,"#0C2340","#B94700","#0C2340","#B94700","#FFFFFF","#AAAAAA","#B94700","#B94700",0,""
130,"Palm Beach","stl","Cardinals","palm_beach_cardinals.png",62313,130,108,0,1,206,29,4,0,0,0,0,"#BA0C2F","#FFFFFF","#BA0C2F","#FFFFFF","#FFFFFF","#AAAAAA","#FFFFFF","#FFFFFF",0,""
131,"St. Lucie","nym","Mets","st_lucie_mets.png",0,131,108,0,1,206,24,4,0,0,0,0,"#EF7723","#004587","#EF7723","#004587","#FFFFFF","#AAAAAA","#004587","#004587",0,""
132,"Tampa","nyy","Yankees","tampa_yankees.png",78373,132,108,0,0,206,9,4,0,0,0,0,"#0C2340","#E4002B","#0C2340","#E4002B","#FFFFFF","#AAAAAA","#E4002B","#E4002B",0,""
133,"Bakersfield","cin","Blaze","bakersfield_blaze.png",6327,133,109,0,0,206,18,4,0,0,0,0,"#EA7600","#FFFFFF","#EA7600","#FFFFFF","#FFFFFF","#AAAAAA","#FFFFFF","#FFFFFF",0,""
134,"High Desert","sea","Mavericks","high_desert_mavericks.png",0,134,109,0,1,206,11,4,0,0,0,0,"#E4002B","#DDCBA4","#E4002B","#DDCBA4","#FFFFFF","#AAAAAA","#DDCBA4","#DDCBA4",0,""
135,"Inland Empire","laa","66ers","inland_empire_66ers.png",0,135,109,0,1,206,7,4,0,0,0,0,"#7B7A76","#EE712A","#7B7A76","#EE712A","#FFFFFF","#AAAAAA","#EE712A","#EE712A",0,""
136,"Lake Elsinore","sdp","Storm","lake_elsinore_storm.png",43203,136,109,0,1,206,27,4,0,0,0,0,"#2D2926","#E4002B","#2D2926","#E4002B","#FFFFFF","#AAAAAA","#E4002B","#E4002B",0,""
137,"Lancaster","hou","JetHawks","lancaster_jethawks.png",43525,137,109,0,1,206,20,4,0,0,0,0,"#9D2235","#B9975B","#9D2235","#B9975B","#FFFFFF","#AAAAAA","#B9975B","#B9975B",0,""
138,"Modesto","col","Nuts","modesto_nuts.png",50945,138,109,0,0,206,19,4,0,0,0,0,"#9D2235","#9E652E","#9D2235","#9E652E","#FFFFFF","#AAAAAA","#9E652E","#9E652E",0,""
139,"Rancho Cucamonga","lad","Quakes","rancho_cucamonga_quakes.png",64993,139,109,0,1,206,21,4,0,0,0,0,"#B9975B","#002D72","#B9975B","#002D72","#FFFFFF","#AAAAAA","#002D72","#002D72",0,""
140,"San Jose","sfg","Giants","san_jose_giants.png",70210,140,109,0,0,206,28,4,0,0,0,0,"#FA4616","#2D2926","#FA4616","#2D2926","#FFFFFF","#AAAAAA","#2D2926","#2D2926",0,""
141,"Stockton","oak","Ports","stockton_ports.png",76303,141,109,0,0,206,10,4,0,0,0,0,"#171C8F","#C8102E","#171C8F","#C8102E","#FFFFFF","#AAAAAA","#C8102E","#C8102E",0,""
142,"Visalia","ari","Rawhide","visalia_rawhide.png",82987,142,109,0,0,206,15,4,0,0,0,0,"#B9975B","#2D2926","#B9975B","#2D2926","#FFFFFF","#AAAAAA","#2D2926","#2D2926",0,""
143,"Carolina","cle","Mudcats","zebulon_mudcats.png",0,143,110,0,1,206,4,4,0,0,0,0,"#C0C0C0","#008253","#C0C0C0","#008253","#FFFFFF","#AAAAAA","#008253","#C0C0C0",0,""
144,"Frederick","bal","Keys","frederick_keys.png",24887,144,110,0,0,206,1,4,0,0,0,0,"#FC4C02","#2D2926","#FC4C02","#2D2926","#FFFFFF","#AAAAAA","#2D2926","#2D2926",0,""
145,"Lynchburg","atl","Hillcats","lynchburg_hillcats.png",41130,145,110,0,0,206,16,4,0,0,0,0,"#20372A","#FDC82F","#20372A","#FDC82F","#FFFFFF","#AAAAAA","#FDC82F","#FDC82F",0,""
146,"Myrtle Beach","tex","Pelicans","myrtle_beach_pelicans.png",52862,146,110,0,1,206,13,4,0,0,0,0,"#0072CE","#FFC72C","#0072CE","#FFC72C","#FFFFFF","#AAAAAA","#FFC72C","#FFC72C",0,""
147,"Potomac","wsn","Nationals","potomac_nationals.png",60634,147,110,0,0,206,30,4,0,0,0,0,"#041E42","#BA0C2F","#041E42","#BA0C2F","#FFFFFF","#AAAAAA","#BA0C2F","#BA0C2F",0,""
148,"Salem","bos","Red Sox","salem_red_sox.png",69393,148,110,0,1,206,2,4,0,0,0,0,"#C8102E","#BBC7D6","#C8102E","#BBC7D6","#FFFFFF","#AAAAAA","#BBC7D6","#BBC7D6",0,""
149,"Wilmington","kcr","Blue Rocks","wilmington_blue_rocks.png",87007,149,110,0,0,206,6,4,0,0,0,0,"#A6C7EA","#002E5F","#A6C7EA","#002E5F","#FFFFFF","#AAAAAA","#002E5F","#002E5F",0,""
150,"Winston-Salem","cws","Dash","winston-salem_dash.png",86841,150,110,0,1,206,3,4,0,0,0,0,"#492F92","#231F20","#492F92","#231F20","#FFFFFF","#AAAAAA","#231F20","#231F20",0,""
151,"Boise","chc","Hawks","boise_hawks.png",10388,151,111,0,0,206,17,5,0,0,0,0,"#034638","#A4343A","#034638","#A4343A","#FFFFFF","#AAAAAA","#A4343A","#A4343A",0,""
152,"Eugene","sdp","Emeralds","eugene_emeralds.png",24267,152,111,0,1,206,27,5,0,0,0,0,"#44D62C","#2D2926","#44D62C","#2D2926","#FFFFFF","#AAAAAA","#2D2926","#2D2926",0,""
153,"Everett","sea","AquaSox","everett_aquasox.png",24329,153,111,0,1,206,11,5,0,0,0,0,"#041E42","#CEDC00","#041E42","#CEDC00","#FFFFFF","#AAAAAA","#CEDC00","#CEDC00",0,""
154,"Salem-Keizer","sfg","Volcanoes","salem-keizer_volcanoes.png",0,154,111,0,1,206,28,5,0,0,0,0,"#D22630","#A7A8AA","#D22630","#A7A8AA","#FFFFFF","#AAAAAA","#A7A8AA","#A7A8AA",0,""
155,"Spokane","tex","Indians","spokane_indians.png",75641,155,111,0,0,206,13,5,0,0,0,0,"#BA0C2F","#F3CFB3","#BA0C2F","#F3CFB3","#FFFFFF","#AAAAAA","#F3CFB3","#F3CFB3",0,""
156,"Tri-City","col","Dust Devils","tri-city_dust_devils.png",81094,156,111,0,0,206,19,5,0,0,0,0,"#84754E","#1B365D","#84754E","#1B365D","#FFFFFF","#AAAAAA","#1B365D","#1B365D",0,""
157,"Vancouver","tor","Canadians","vancouver_canadians.png",84103,157,111,0,1,206,14,5,0,0,0,0,"#D50032","#FFFFFF","#D50032","#FFFFFF","#FFFFFF","#AAAAAA","#FFFFFF","#FFFFFF",0,""
158,"Yakima","ari","Bears","yakima_bears.png",88193,158,111,0,0,206,15,5,0,0,0,0,"#2D2926","#9B2743","#2D2926","#9B2743","#FFFFFF","#AAAAAA","#9B2743","#9B2743",0,""
159,"Aberdeen","bal","IronBirds","aberdeen_ironbirds.png",1946,159,112,0,1,206,1,5,0,0,0,0,"#003087","#FE5000","#003087","#FE5000","#FFFFFF","#AAAAAA","#FE5000","#FE5000",0,""
160,"Auburn","wsn","Doubledays","auburn_doubledays.png",4834,160,112,0,2,206,30,5,0,0,0,0,"#003594","#A7A8AA","#003594","#A7A8AA","#FFFFFF","#AAAAAA","#A7A8AA","#A7A8AA",0,""
161,"Batavia","stl","Muckdogs","batavia_muckdogs.png",7562,161,112,0,2,206,29,5,0,0,0,0,"#A68462","#F6A2B6","#A68462","#F6A2B6","#FFFFFF","#AAAAAA","#F6A2B6","#F6A2B6",0,""
162,"Brooklyn","nym","Cyclones","brooklyn_cyclones.png",12985,162,112,0,1,206,24,5,0,0,0,0,"#D50032","#FFC72C","#D50032","#FFC72C","#FFFFFF","#AAAAAA","#FFC72C","#FFC72C",0,""
163,"Connecticut","det","Tigers","connecticut_tigers.png",0,163,112,0,0,206,5,5,0,0,0,0,"#0C2340","#FA4616","#0C2340","#FA4616","#FFFFFF","#AAAAAA","#FA4616","#FA4616",0,""
164,"Hudson Valley","tbr","Renegades","wappingers_falls_renegades.png",0,164,112,0,1,206,12,5,0,0,0,0,"#6DAADC","#791730","#6DAADC","#791730","#FFFFFF","#AAAAAA","#791730","#6DAADC",0,""
165,"Jamestown","mia","Jammers","jamestown_jammers.png",34968,165,112,0,2,206,22,5,0,0,0,0,"#215732","#A05EB5","#215732","#A05EB5","#FFFFFF","#AAAAAA","#A05EB5","#215732",0,""
166,"Lowell","bos","Spinners","lowell_spinners.png",41636,166,112,0,0,206,2,5,0,0,0,0,"#1C284A","#007033","#1C284A","#007033","#FFFFFF","#AAAAAA","#007033","#007033",0,""
167,"Mahoning Valley","cle","Scrappers","mahoning_valley_scrappers.png",0,167,112,0,2,206,4,5,0,0,0,0,"#7C878E","#862633","#7C878E","#862633","#FFFFFF","#AAAAAA","#862633","#862633",0,""
168,"State College","pit","Spikes","state_college_spikes.png",76053,168,112,0,2,206,26,5,0,0,0,0,"#C69214","#C8102E","#C69214","#C8102E","#FFFFFF","#AAAAAA","#C8102E","#C8102E",0,""
169,"Staten Island","nyy","Yankees","staten_island_yankees.png",0,169,112,0,1,206,9,5,0,0,0,0,"#A2AAAD","#0C2340","#A2AAAD","#0C2340","#FFFFFF","#AAAAAA","#0C2340","#0C2340",0,""
170,"Tri-City","hou","ValleyCats","tri-city_valleycats.png",81094,170,112,0,0,206,20,5,0,0,0,0,"#C8102E","#A2AAAD","#C8102E","#A2AAAD","#FFFFFF","#AAAAAA","#A2AAAD","#A2AAAD",0,""
171,"Vermont","oak","Lake Monsters","vermont_lake_monsters.png",0,171,112,0,0,206,10,5,0,0,0,0,"#78BE20","#041E42","#78BE20","#041E42","#FFFFFF","#AAAAAA","#041E42","#041E42",0,""
172,"Williamsport","phi","Crosscutters","williamsport_crosscutters.png",87064,172,112,0,2,206,25,5,0,0,0,0,"#A7A8AA","#C6893F","#A7A8AA","#C6893F","#FFFFFF","#AAAAAA","#C6893F","#C6893F",0,""
173,"GCL","hou","Astros","gcl_astros.png",0,173,113,0,1,206,20,6,0,0,0,0,"#2D2926","#D3BC8D","#2D2926","#D3BC8D","#FFFFFF","#AAAAAA","#D3BC8D","#2D2926",0,""
174,"GCL","tor","Blue Jays","gcl_blue_jays.png",0,174,113,0,0,206,14,6,0,0,0,0,"#134A8E","#E8291C","#134A8E","#E8291C","#FFFFFF","#AAAAAA","#E8291C","#134A8E",0,""
175,"GCL","atl","Braves","gcl_braves.png",0,175,113,0,0,206,16,6,0,0,0,0,"#13274F","#CE1141","#13274F","#CE1141","#FFFFFF","#AAAAAA","#CE1141","#13274F",0,""
176,"GCL","stl","Cardinals","gcl_cardinals.png",0,176,113,0,1,206,29,6,0,0,0,0,"#BE0A14","#001541","#BE0A14","#001541","#FFFFFF","#AAAAAA","#001541","#BE0A14",0,""
177,"GCL","mia","Marlins","gcl_marlins.png",0,177,113,0,1,206,22,6,0,0,0,0,"#FF6600","#0077C8","#FF6600","#0077C8","#FFFFFF","#AAAAAA","#0077C8","#FF6600",0,""
178,"GCL","wsn","Nationals","gcl_nationals.png",0,178,113,0,1,206,30,6,0,0,0,0,"#AB0003","#11225B","#AB0003","#11225B","#FFFFFF","#AAAAAA","#11225B","#AB0003",0,""
179,"GCL","bal","Orioles","gcl_orioles.png",0,179,113,0,2,206,1,6,0,0,0,0,"#DF4601","#000000","#DF4601","#000000","#FFFFFF","#AAAAAA","#000000","#DF4601",0,""
180,"GCL","phi","Phillies","gcl_phillies.png",0,180,113,0,0,206,25,6,0,0,0,0,"#E81828","#284898","#E81828","#284898","#FFFFFF","#AAAAAA","#284898","#E81828",0,""
181,"GCL","pit","Pirates","gcl_pirates.png",0,181,113,0,0,206,26,6,0,0,0,0,"#FDB827","#000000","#FDB827","#FDB827","#FFFFFF","#AAAAAA","#000000","#FDB827",0,""
182,"GCL","tbr","Rays","gcl_rays.png",0,182,113,0,2,206,12,6,0,0,0,0,"#092C5C","#8FBCE6","#092C5C","#8FBCE6","#FFFFFF","#AAAAAA","#8FBCE6","#092C5C",0,""
183,"GCL","bos","Red Sox","gcl_red_sox.png",0,183,113,0,2,206,2,6,0,0,0,0,"#BD3039","#0D2B56","#BD3039","#0D2B56","#FFFFFF","#AAAAAA","#0D2B56","#BD3039",0,""
184,"GCL","det","Tigers","gcl_tigers.png",0,184,113,0,0,206,5,6,0,0,0,0,"#0C2C56","#FF6600","#0C2C56","#FF6600","#FFFFFF","#AAAAAA","#FF6600","#0C2C56",0,""
185,"GCL","min","Twins","gcl_twins.png",0,185,113,0,2,206,8,6,0,0,0,0,"#002D59","#D0043C","#002D59","#D0043C","#FFFFFF","#AAAAAA","#D0043C","#002D59",0,""
186,"GCL","nyy","Yankees","gcl_yankees.png",0,186,113,0,0,206,9,6,0,0,0,0,"#132448","#FFFFFF","#132448","#FFFFFF","#FFFFFF","#AAAAAA","#FFFFFF","#132448",0,""
187,"AZL","laa","Angels","azl_angels.png",0,187,114,0,1,206,7,6,0,0,0,0,"#BA0021","#003263","#BA0021","#003263","#FFFFFF","#AAAAAA","#003263","#BA0021",0,""
188,"AZL","oak","Athletics","azl_athletics.png",0,188,114,0,1,206,10,6,0,0,0,0,"#003831","#EFB21E","#003831","#EFB21E","#FFFFFF","#AAAAAA","#EFB21E","#003831",0,""
189,"AZL","mil","Brewers","azl_brewers.png",0,189,114,0,0,206,23,6,0,0,0,0,"#0A2351","#B6922E","#0A2351","#B6922E","#FFFFFF","#AAAAAA","#B6922E","#0A2351",0,""
190,"AZL","chc","Cubs","azl_cubs.png",0,190,114,0,1,206,17,6,0,0,0,0,"#0E3386","#CC3433","#0E3386","#CC3433","#FFFFFF","#AAAAAA","#CC3433","#0E3386",0,""
191,"AZL","ari","Diamondbacks","azl_diamondbacks.png",0,191,114,0,1,206,15,6,0,0,0,0,"#A71930","#000000","#A71930","#A71930","#FFFFFF","#AAAAAA","#000000","#A71930",0,""
192,"AZL","lad","Dodgers","azl_dodgers.png",0,192,114,0,0,206,21,6,0,0,0,0,"#005A9C","#FFFFFF","#005A9C","#FFFFFF","#FFFFFF","#AAAAAA","#FFFFFF","#005A9C",0,""
193,"AZL","sfg","Giants","azl_giants.png",0,193,114,0,1,206,28,6,0,0,0,0,"#FD5A1E","#000000","#FD5A1E","#000000","#FFFFFF","#AAAAAA","#000000","#FD5A1E",0,""
194,"AZL","cle","Guardians","azl_guardians.png",0,194,114,0,0,206,4,6,0,0,0,0,"#E31937","#002B5C","#E31937","#002B5C","#FFFFFF","#AAAAAA","#002B5C","#E31937",0,""
195,"AZL","sea","Mariners","azl_mariners.png",0,195,114,0,2,206,11,6,0,0,0,0,"#0C2C56","#005C5C","#0C2C56","#005C5C","#FFFFFF","#AAAAAA","#005C5C","#0C2C56",0,""
196,"AZL","sdp","Padres","azl_padres.png",0,196,114,0,2,206,27,6,0,0,0,0,"#05143F","#FDB726","#05143F","#FDB726","#FFFFFF","#AAAAAA","#FDB726","#05143F",0,""
197,"AZL","tex","Rangers","azl_rangers.png",0,197,114,0,2,206,13,6,0,0,0,0,"#003278","#C0111F","#003278","#C0111F","#FFFFFF","#AAAAAA","#C0111F","#003278",0,""
198,"AZL","cin","Reds","azl_reds.png",0,198,114,0,0,206,18,6,0,0,0,0,"#D50032","#FFFFFF","#D50032","#FFFFFF","#FFFFFF","#AAAAAA","#FFFFFF","#D50032",0,""
199,"AZL","kcr","Royals","azl_royals.png",0,199,114,0,2,206,6,6,0,0,0,0,"#004687","#C09A5B","#004687","#C09A5B","#FFFFFF","#AAAAAA","#C09A5B","#004687",0,""
200,"Billings","cin","Mustangs","billings_mustangs.png",9506,200,115,0,0,206,18,6,0,0,0,0,"#DD052B","#73797C","#DD052B","#73797C","#FFFFFF","#AAAAAA","#73797C","#73797C",0,""
201,"Grand Junction","col","Rockies","grand_junction_rockies.png",29493,201,115,0,1,206,19,6,0,0,0,0,"#24135F","#8A8D8F","#24135F","#8A8D8F","#FFFFFF","#AAAAAA","#8A8D8F","#8A8D8F",0,""
202,"Great Falls","cws","Voyagers","great_falls_voyagers.png",29648,202,115,0,0,206,3,6,0,0,0,0,"#78BE20","#2D2926","#78BE20","#2D2926","#FFFFFF","#AAAAAA","#2D2926","#2D2926",0,""
203,"Helena","mil","Brewers","helena_brewers.png",31320,203,115,0,0,206,23,6,0,0,0,0,"#071D49","#8B6F4E","#071D49","#8B6F4E","#FFFFFF","#AAAAAA","#8B6F4E","#8B6F4E",0,""
204,"Idaho Falls","kcr","Chukars","idaho_falls_chukars.png",34017,204,115,0,1,206,6,6,0,0,0,0,"#8A8D8F","#861F41","#8A8D8F","#861F41","#FFFFFF","#AAAAAA","#861F41","#861F41",0,""
205,"Missoula","ari","Osprey","missoula_osprey.png",50729,205,115,0,0,206,15,6,0,0,0,0,"#2D2926","#003594","#2D2926","#003594","#FFFFFF","#AAAAAA","#003594","#003594",0,""
206,"Ogden","lad","Raptors","ogden_raptors.png",56909,206,115,0,1,206,21,6,0,0,0,0,"#007482","#C0C0C1","#007482","#C0C0C1","#FFFFFF","#AAAAAA","#C0C0C1","#C0C0C1",0,""
207,"Orem","laa","Owlz","orem_owlz.png",57580,207,115,0,1,206,7,6,0,0,0,0,"#BA0C2F","#FFB81C","#BA0C2F","#FFB81C","#FFFFFF","#AAAAAA","#FFB81C","#FFB81C",0,""
208,"Bluefield","tor","Blue Jays","bluefield_blue_jays.png",10112,208,116,0,0,206,14,6,0,0,0,0,"#003DA5","#FFFFFF","#003DA5","#FFFFFF","#FFFFFF","#AAAAAA","#FFFFFF","#FFFFFF",0,""
209,"Bristol","cws","White Sox","bristol_white_sox.png",11777,209,116,0,1,206,3,6,0,0,0,0,"#000000","#C4CED4","#000000","#C4CED4","#FFFFFF","#AAAAAA","#C4CED4","#000000",0,""
210,"Burlington","kcr","Royals","burlington_royals.png",12722,210,116,0,0,206,6,6,0,0,0,0,"#002D72","#85714D","#002D72","#85714D","#FFFFFF","#AAAAAA","#85714D","#85714D",0,""
211,"Danville","atl","Braves","danville_braves.png",21958,211,116,0,0,206,16,6,0,0,0,0,"#E4AA17","#D31245","#E4AA17","#D31245","#FFFFFF","#AAAAAA","#D31245","#D31245",0,""
212,"Elizabethton","min","Twins","elizabethton_twins.png",23389,212,116,0,1,206,8,6,0,0,0,0,"#A2AAAD","#BA0C2F","#A2AAAD","#BA0C2F","#FFFFFF","#AAAAAA","#BA0C2F","#BA0C2F",0,""
213,"Greeneville","hou","Astros","greeneville_astros.png",29730,213,116,0,1,206,20,6,0,0,0,0,"#CF4520","#041E42","#CF4520","#041E42","#FFFFFF","#AAAAAA","#041E42","#041E42",0,""
214,"Johnson City","stl","Cardinals","johnson_city_cardinals.png",35558,214,116,0,1,206,29,6,0,0,0,0,"#BA0C2F","#5C88DA","#BA0C2F","#5C88DA","#FFFFFF","#AAAAAA","#5C88DA","#5C88DA",0,""
215,"Kingsport","nym","Mets","kingsport_mets.png",38596,215,116,0,1,206,24,6,0,0,0,0,"#002D72","#FC4C02","#002D72","#FC4C02","#FFFFFF","#AAAAAA","#FC4C02","#FC4C02",0,""
216,"Princeton","tbr","Rays","princeton_rays.png",61018,216,116,0,0,206,12,6,0,0,0,0,"#041E42","#FFCD00","#041E42","#FFCD00","#FFFFFF","#AAAAAA","#FFCD00","#FFCD00",0,""
217,"Pulaski","sea","Mariners","pulaski_mariners.png",61426,217,116,0,0,206,11,6,0,0,0,0,"#0C2340","#00685E","#0C2340","#00685E","#FFFFFF","#AAAAAA","#00685E","#0C2340",0,""
218,"American League","AL","All-Stars","al_all-stars.png",0,5,100,0,0,0,0,1,0,0,0,0,"#ED1C24","#066CC6","#ED1C24","#066CC6","#FFFFFF","#AAAAAA","#ED1C24","#ED1C24",1,""
219,"National League","NL","All-Stars","nl_all-stars.png",0,21,100,1,0,0,0,1,0,0,0,0,"#ED1C24","#066CC6","#ED1C24","#066CC6","#FFFFFF","#AAAAAA","#ED1C24","#ED1C24",1,""
220,"The United States","USA","Future Stars","the_united_states_future_stars.png",0,5,100,0,0,0,0,1,0,0,0,0,"#9B0101","#F0F0F0","#9B0101","#F0F0F0","#FFFFFF","#AAAAAA","#F0F0F0","#9B0101",1,""
221,"World","WFS","Future Stars","world_future_stars.png",0,21,100,0,0,0,0,1,0,0,0,0,"#FFEA01","#000000","#FFEA01","#000000","#FFFFFF","#AAAAAA","#000000","#FFEA01",1,""
222,"American League","AL","All-Stars","american_all-stars.png",0,40,101,0,0,0,0,2,0,0,0,0,"#9B0101","#000000","#ED1C24","#066CC6","#FFFFFF","#AAAAAA","#ED1C24","#ED1C24",1,""
223,"Pacific League","PL","All-Stars","pacific_all-stars.png",0,41,101,1,0,0,0,2,0,0,0,0,"#1E1E9E","#F0F0F0","#ED1C24","#066CC6","#FFFFFF","#AAAAAA","#ED1C24","#ED1C24",1,""
224,"North","AS1","All-Stars","north_all-stars.png",0,63,103,0,0,0,0,3,0,0,0,0,"#9B0101","#000000","#ED1C24","#066CC6","#FFFFFF","#AAAAAA","#ED1C24","#ED1C24",1,""
225,"South","AS2","All-Stars","south_all-stars.png",0,61,103,0,0,0,0,3,0,0,0,0,"#1E1E9E","#F0F0F0","#ED1C24","#066CC6","#FFFFFF","#AAAAAA","#ED1C24","#ED1C24",1,""
226,"North","AS1","All-Stars","north_all-stars.png",0,70,104,0,0,0,0,3,0,0,0,0,"#9B0101","#000000","#9B0101","#000000","#FFFFFF","#AAAAAA","#000000","#000000",1,""
227,"South","AS2","All-Stars","south_all-stars.png",0,78,104,0,0,0,0,3,0,0,0,0,"#1E1E9E","#F0F0F0","#1E1E9E","#F0F0F0","#FFFFFF","#AAAAAA","#F0F0F0","#F0F0F0",1,""
228,"Eastern","AS1","All-Stars","eastern_all-stars.png",0,82,105,0,0,0,0,3,0,0,0,0,"#9B0101","#000000","#ED1C24","#066CC6","#FFFFFF","#AAAAAA","#ED1C24","#ED1C24",1,""
229,"Western","AS2","All-Stars","western_all-stars.png",0,89,105,0,0,0,0,3,0,0,0,0,"#1E1E9E","#F0F0F0","#ED1C24","#066CC6","#FFFFFF","#AAAAAA","#ED1C24","#ED1C24",1,""
230,"Eastern","AS1","All-Stars","eastern_all-stars.png",0,96,106,0,0,0,0,4,0,0,0,0,"#9B0101","#000000","#9B0101","#000000","#FFFFFF","#AAAAAA","#000000","#000000",1,""
231,"Western","AS2","All-Stars","western_all-stars.png",0,96,106,0,0,0,0,4,0,0,0,0,"#1E1E9E","#F0F0F0","#1E1E9E","#F0F0F0","#FFFFFF","#AAAAAA","#F0F0F0","#F0F0F0",1,""
232,"Northern","AS1","All-Stars","northern_all-stars.png",0,119,107,0,0,0,0,4,0,0,0,0,"#9B0101","#000000","#ED1C24","#066CC6","#FFFFFF","#AAAAAA","#ED1C24","#ED1C24",1,""
233,"Southern","AS2","All-Stars","southern_all-stars.png",0,110,107,0,0,0,0,4,0,0,0,0,"#1E1E9E","#F0F0F0","#ED1C24","#066CC6","#FFFFFF","#AAAAAA","#ED1C24","#ED1C24",1,""
234,"North","AS1","All-Stars","north_all-stars.png",0,124,108,0,0,0,0,4,0,0,0,0,"#9B0101","#000000","#9B0101","#000000","#FFFFFF","#AAAAAA","#000000","#000000",1,""
235,"South","AS2","All-Stars","south_all-stars.png",0,124,108,0,0,0,0,4,0,0,0,0,"#1E1E9E","#F0F0F0","#1E1E9E","#F0F0F0","#FFFFFF","#AAAAAA","#F0F0F0","#F0F0F0",1,""
236,"North","AS1","All-Stars","north_all-stars.png",0,141,109,0,0,0,0,4,0,0,0,0,"#9B0101","#000000","#9B0101","#000000","#FFFFFF","#AAAAAA","#000000","#000000",1,""
237,"South","AS2","All-Stars","south_all-stars.png",0,139,109,0,0,0,0,4,0,0,0,0,"#1E1E9E","#F0F0F0","#1E1E9E","#F0F0F0","#FFFFFF","#AAAAAA","#F0F0F0","#F0F0F0",1,""
238,"Northern","AS1","All-Stars","northern_all-stars.png",0,147,110,0,0,0,0,4,0,0,0,0,"#9B0101","#000000","#9B0101","#000000","#FFFFFF","#AAAAAA","#000000","#000000",1,""
239,"Southern","AS2","All-Stars","southern_all-stars.png",0,144,110,0,0,0,0,4,0,0,0,0,"#1E1E9E","#F0F0F0","#1E1E9E","#F0F0F0","#FFFFFF","#AAAAAA","#F0F0F0","#F0F0F0",1,""
240,"East","AS1","All-Stars","east_all-stars.png",0,152,111,0,0,0,0,5,0,0,0,0,"#9B0101","#000000","#ED1C24","#066CC6","#FFFFFF","#AAAAAA","#ED1C24","#ED1C24",1,""
241,"West","AS2","All-Stars","west_all-stars.png",0,154,111,0,0,0,0,5,0,0,0,0,"#1E1E9E","#F0F0F0","#ED1C24","#066CC6","#FFFFFF","#AAAAAA","#ED1C24","#ED1C24",1,""
242,"North","AS1","All-Stars","north_all-stars.png",0,201,115,0,0,0,0,6,0,0,0,0,"#9B0101","#000000","#9B0101","#000000","#FFFFFF","#AAAAAA","#000000","#000000",1,""
243,"South","AS2","All-Stars","south_all-stars.png",0,200,115,0,0,0,0,6,0,0,0,0,"#1E1E9E","#F0F0F0","#1E1E9E","#F0F0F0","#FFFFFF","#AAAAAA","#F0F0F0","#F0F0F0",1,""
244,"East","AS1","All-Stars","east_all-stars.png",0,217,116,0,0,0,0,6,0,0,0,0,"#9B0101","#000000","#9B0101","#000000","#FFFFFF","#AAAAAA","#000000","#000000",1,""
245,"West","AS2","All-Stars","west_all-stars.png",0,214,116,0,0,0,0,6,0,0,0,0,"#1E1E9E","#F0F0F0","#1E1E9E","#F0F0F0","#FFFFFF","#AAAAAA","#F0F0F0","#F0F0F0",1,""
278,"DSL","nym","Mets","yankton_red_barons.png",88219,249,201,0,1,206,24,6,0,0,0,0,"#CC202A","#A1A9AD","#CC202A","#A1A9AD","#FFFFFF","#AAAAAA","#CC202A","#CC202A",0,""
279,"DSL","kcr","Royals","anchor_point_volcanoes.png",2889,250,201,0,2,206,6,6,0,0,0,0,"#CC202A","#4D4D4F","#CC202A","#4D4D4F","#FFFFFF","#AAAAAA","#CC202A","#CC202A",0,""
280,"DSL","col","Rockies","colton_fire_dogs.png",93397,251,201,0,0,206,19,6,0,0,0,0,"#A1A9AD","#CC202A","#A1A9AD","#CC202A","#FFFFFF","#AAAAAA","#A1A9AD","#A1A9AD",0,""
281,"DSL","pit","Pirates","henderson_green_jackets.png",31397,252,201,0,1,206,26,6,0,0,0,0,"#091F40","#FFE300","#091F40","#FFE300","#FFFFFF","#AAAAAA","#091F40","#091F40",0,""
282,"DSL","tex","Rangers","sunrise_manor_valiants.png",76957,253,201,0,1,206,13,6,0,0,0,0,"#CC202A","#203468","#CC202A","#203468","#FFFFFF","#AAAAAA","#CC202A","#CC202A",0,""
283,"DSL","sdp","Padres","yonkers_storm.png",88065,254,201,0,0,206,27,6,0,0,0,0,"#4D4D4F","#FFCC45","#4D4D4F","#FFCC45","#FFFFFF","#AAAAAA","#4D4D4F","#4D4D4F",0,""
284,"DSL","bos","Red Sox","coachella_northmen.png",14193,255,201,0,1,206,2,6,0,0,0,0,"#CC202A","#FFFFFF","#CC202A","#FFFFFF","#FFFFFF","#AAAAAA","#CC202A","#CC202A",0,""
285,"DSL","lad","Dodgers","fremont_arsenal.png",24811,256,201,0,2,206,21,6,0,0,0,0,"#104879","#A7A9AC","#104879","#A7A9AC","#FFFFFF","#AAAAAA","#104879","#104879",0,""
286,"DSL","cin","Reds","jersey_city_mustangs.png",35278,257,201,0,0,206,18,6,0,0,0,0,"#CC202A","#E6E6E6","#CC202A","#E6E6E6","#FFFFFF","#AAAAAA","#CC202A","#CC202A",0,""
287,"DSL","stl","Cardinals","santa_clarita_flames.png",71027,258,201,0,2,206,29,6,0,0,0,0,"#E41E2D","#EE9C21","#E41E2D","#EE9C21","#FFFFFF","#AAAAAA","#E41E2D","#E41E2D",0,""
288,"DSL","cle","Guardians","cornelius_spinners.png",15113,259,201,0,2,206,4,6,0,0,0,0,"#6DAADC","#4D4D4F","#6DAADC","#4D4D4F","#FFFFFF","#AAAAAA","#6DAADC","#6DAADC",0,""
289,"DSL","ari","Diamondbacks","cedarhurst_gunslingers.png",18116,260,201,0,0,206,15,6,0,0,0,0,"#A1A9AD","#0071BC","#A1A9AD","#0071BC","#FFFFFF","#AAAAAA","#A1A9AD","#A1A9AD",0,""
290,"DSL","mia","Marlins","little_rock_dolphins.png",45830,261,201,0,1,206,22,6,0,0,0,0,"#6666FF","#000066","#6666FF","#000066","#FFFFFF","#AAAAAA","#6666FF","#6666FF",0,""
291,"DSL","bal","Orioles","madison_rivermen.png",46552,262,201,0,0,206,1,6,0,0,0,0,"#D8C18D","#005933","#D8C18D","#005933","#FFFFFF","#AAAAAA","#D8C18D","#D8C18D",0,""
308,"DSL","DSL","All-Stars","dsl_all-stars.png",0,255,201,0,0,0,0,6,0,0,0,0,"#9B0101","#000000","#000000","#000000","#FFFFFF","#AAAAAA","#000000","#000000",1,""
309,"Sub League 2","SL2","All-Stars","sub_league_2_all-stars.png",0,277,201,0,0,0,0,6,0,0,0,0,"#1E1E9E","#F0F0F0","#000000","#000000","#FFFFFF","#AAAAAA","#000000","#000000",1,""
310,"DSL","min","Twins","consuelo_red_devils.png",14902,279,201,0,0,56,8,6,0,0,0,0,"#E41E2D","#4D4D4F","#E41E2D","#4D4D4F","#FFFFFF","#AAAAAA","#E41E2D","#E41E2D",0,""
311,"DSL","cws","White Sox","palmar_arriba_naturals.png",62332,280,201,0,0,56,3,6,0,0,0,0,"#005933","#FCB713","#005933","#FCB713","#FFFFFF","#AAAAAA","#005933","#005933",0,""
312,"DSL","sea","Mariners","cevicos_blizzard.png",18354,281,201,0,2,56,11,6,0,0,0,0,"#233F94","#7DC3D9","#233F94","#7DC3D9","#FFFFFF","#AAAAAA","#233F94","#233F94",0,""
313,"DSL","hou","Astros","sosúa_stars.png",75189,282,201,0,2,56,20,6,0,0,0,0,"#CC202A","#E6E6E6","#CC202A","#E6E6E6","#FFFFFF","#AAAAAA","#CC202A","#CC202A",0,""
314,"DSL","tbr","Rays","gaspar_hernandez_blue_wings.png",27893,283,201,0,2,56,12,6,0,0,0,0,"#233F94","#D7D7D7","#233F94","#D7D7D7","#FFFFFF","#AAAAAA","#233F94","#233F94",0,""
315,"DSL","oak","Athletics","piedra_blanca_ravens.png",58867,284,201,0,2,56,10,6,0,0,0,0,"#000000","#A1A9AD","#000000","#A1A9AD","#FFFFFF","#AAAAAA","#000000","#000000",0,""
316,"DSL","nyy","Yankees","cabral_gulls.png",16293,285,201,0,3,56,9,6,0,0,0,0,"#E41E2D","#FCB713","#E41E2D","#FCB713","#FFFFFF","#AAAAAA","#E41E2D","#E41E2D",0,""
317,"DSL","phi","Phillies","laguna_salada_foresters.png",43105,286,201,0,3,56,25,6,0,0,0,0,"#005933","#FFCC00","#005933","#FFCC00","#FFFFFF","#AAAAAA","#005933","#005933",0,""
318,"DSL","sfg","Giants","don_juan_pelicans.png",21181,287,201,0,3,56,28,6,0,0,0,0,"#EF4923","#203468","#EF4923","#203468","#FFFFFF","#AAAAAA","#EF4923","#EF4923",0,""
319,"DSL","wsn","Nationals","el_cachón_daredevils.png",23019,288,201,0,3,56,30,6,0,0,0,0,"#BE1E2D","#453F3E","#BE1E2D","#453F3E","#FFFFFF","#AAAAAA","#BE1E2D","#BE1E2D",0,""
320,"DSL","chc","Cubs","hondo_valle_arrows.png",32428,289,201,0,3,56,17,6,0,0,0,0,"#ED1C24","#000000","#ED1C24","#000000","#FFFFFF","#AAAAAA","#ED1C24","#ED1C24",0,""
321,"DSL","laa","Angels","imbert_red_aces.png",34341,290,201,0,4,56,7,6,0,0,0,0,"#CC202A","#000000","#CC202A","#000000","#FFFFFF","#AAAAAA","#CC202A","#CC202A",0,""
322,"DSL","det","Tigers","montellano_river_otters.png",51470,291,201,0,4,56,5,6,0,0,0,0,"#791730","#D8C18D","#791730","#D8C18D","#FFFFFF","#AAAAAA","#791730","#791730",0,""
323,"DSL","tor","Blue Jays","villa_fundación_colonels.png",83414,292,201,0,4,56,14,6,0,0,0,0,"#ED2024","#005087","#ED2024","#005087","#FFFFFF","#AAAAAA","#ED2024","#ED2024",0,""
324,"DSL","atl","Braves","jaibón_whiskeyjacks.png",34850,293,201,0,4,56,16,6,0,0,0,0,"#791730","#FCB713","#791730","#FCB713","#FFFFFF","#AAAAAA","#791730","#791730",0,""
325,"DSL","mil","Brewers","villa_isabela_diamonds.png",83406,294,201,0,4,56,23,6,0,0,0,0,"#FFFFFF","#000000","#FFFFFF","#000000","#FFFFFF","#AAAAAA","#FFFFFF","#FFFFFF",0,""
326,"Mesa","MES","Solar Sox","mesa_solar_sox.png",49808,295,70,0,0,206,0,9,0,0,0,0,"#FFC001","#9B0101","#000000","#000000","#FFFFFF","#AAAAAA","#000000","#000000",0,""
327,"Salt River","SR","Rafters","salt_river_rafters.png",0,296,70,0,0,206,0,9,0,0,0,0,"#F37A03","#000000","#000000","#000000","#FFFFFF","#AAAAAA","#000000","#000000",0,""
328,"Scottsdale","SCO","Scorpions","scottsdale_scorpions.png",72398,297,70,0,0,206,0,9,0,0,0,0,"#FFEA01","#008253","#000000","#000000","#FFFFFF","#AAAAAA","#000000","#000000",0,""
329,"Peoria","PEO","Javelinas","peoria_javelinas.png",63646,298,70,0,1,206,0,9,0,0,0,0,"#171775","#F37A03","#000000","#000000","#FFFFFF","#AAAAAA","#000000","#000000",0,""
330,"Surprise","SUR","Saguaros","surprise_saguaros.png",77041,299,70,0,1,206,0,9,0,0,0,0,"#F37A03","#171775","#000000","#000000","#FFFFFF","#AAAAAA","#000000","#000000",0,""
331,"Glendale","GLE","Desert Dogs","glendale_desert_dogs.png",28713,300,70,0,1,206,0,9,0,0,0,0,"#000000","#C0C0C0","#000000","#000000","#FFFFFF","#AAAAAA","#000000","#000000",0,""
